Row	Column	Plate	Product Name	Formula	Product No.	ChEBI Name	SMILES	InChI	InChIKey	formula	ChEBI	KEGG	HMDB	LipidMaps
A	1	1	L-β-Leucine hydrochloride	C6H13NO2 (free base)	12840	(3R)-beta-leucine 	CC(C)[C@H](N)CC(O)=O 	InChI=1S/C6H13NO2/c1-4(2)5(7)3-6(8)9/h4-5H,3,7H2,1-2H3,(H,8,9)/t5-/m1/s1 	GLUJNGJDHCTUJY-RXMQYKEDSA-N 	C6H13NO2 	CHEBI:15604 	C02486		
A	2	1	3-Hydroxypicolinic acid	C6H5NO3	56197	3-hydroxypicolinic acid	OC(=O)c1ncccc1O 	InChI=1S/C6H5NO3/c8-4-2-1-3-7-5(4)6(9)10/h1-3,8H,(H,9,10) 	BRARRAHGNDUELT-UHFFFAOYSA-N 	C6H5NO3 	CHEBI:64342 	C18620                       	HMDB0013188	
A	3	1	4-ACETAMIDOBUTYRIC ACID	C6H11NO3	AA002ZA7	4-acetamidobutanoic acid 	CC(=O)NCCCC(O)=O 	InChI=1S/C6H11NO3/c1-5(8)7-4-2-3-6(9)10/h2-4H2,1H3,(H,7,8)(H,9,10) 	UZTFMUBKZQVKLK-UHFFFAOYSA-N 	C6H11NO3 	CHEBI:17645 	C02946                       	HMDB0003681	
A	4	1	2-Phenylglycine	C8H9NO2	P25507	Alpha-phenylglycine	NC(C(O)=O)c1ccccc1 	InChI=1S/C8H9NO2/c9-7(8(10)11)6-4-2-1-3-5-6/h1-5,7H,9H2,(H,10,11) 	ZGUNAGUHMKGQNY-UHFFFAOYSA-N 	C8H9NO2 	CHEBI:55484 		HMDB0002210	
A	5	1	2-(3-methylbut-2-enoylamino)acetic acid	C7H11NO3	AA00C7Y4	3-methylcrotonyl glycine	CC(C)=CC(=O)NCC(O)=O	InChI=1S/C7H11NO3/c1-5(2)3-6(9)8-4-7(10)11/h3H,4H2,1-2H3,(H,8,9)(H,10,11)	PFWQSHXPNKRLIV-UHFFFAOYSA-N	C7H11NO3	CHEBI:68499		HMDB0000459	
A	6	1	N-(2-Methylbutyryl)glycine	C7H13NO3	4478	N-(2-methylbutanoyl)glycine 	CCC(C)C(=O)NCC(O)=O 	InChI=1S/C7H13NO3/c1-3-5(2)7(11)8-4-6(9)10/h5H,3-4H2,1-2H3,(H,8,11)(H,9,10) 	HOACIBQKYRHBOW-UHFFFAOYSA-N 	C7H13NO3 	CHEBI:86366 		HMDB0000339	
A	7	1	2-Indolecarboxylic acid	C9H7NO2	I5109	Indole-2-carboxylic acid 	OC(=O)C=1NC=2C(C1)=CC=CC2 	InChI=1S/C9H7NO2/c11-9(12)8-5-6-3-1-2-4-7(6)10-8/h1-5,10H,(H,11,12) 	HCUARRIEZVDMPT-UHFFFAOYSA-N 	C9H7NO2 	CHEBI:169990 		HMDB0002285	
A	8	1	1-Methyl-L-histidine	C7H11N3O2	67520	N(tele)-methyl-L-histidine 	Cn1cnc(C[C@H](N)C(O)=O)c1 	InChI=1S/C7H11N3O2/c1-10-3-5(9-4-10)2-6(8)7(11)12/h3-4,6H,2,8H2,1H3,(H,11,12)/t6-/m0/s1 	BRMWTNUJHUMWMS-LURJTMIESA-N 	C7H11N3O2 	CHEBI:50599 		HMDB0000001	
A	9	1	N-Acetyl-L-leucine	C8H15NO3	441511	N-acetyl-L-leucine 	[C@@H](CC(C)C)(NC(=O)C)C(O)=O 	InChI=1S/C8H15NO3/c1-5(2)4-7(8(11)12)9-6(3)10/h5,7H,4H2,1-3H3,(H,9,10)(H,11,12)/t7-/m0/s1 	WXNXCEHXYPACJF-ZETCQYMHSA-N 	C8H15NO3 	CHEBI:17786 	C02710                       	HMDB0011756	
A	10	1	H-Ala-Val-OH	C8H16N2O3	4006109	Ala-Val 	CC(C)[C@H](NC(=O)[C@H](C)N)C(O)=O 	InChI=1S/C8H16N2O3/c1-4(2)6(8(12)13)10-7(11)5(3)9/h4-6H,9H2,1-3H3,(H,10,11)(H,12,13)/t5-,6-/m0/s1 	LIWMQSWFLXEGMA-WDSKDSINSA-N	C8H16N2O3 	CHEBI:73809 		HMDB0028700	
A	11	1	L-ALANYL-L-ISOLEUCINE	C9H18N2O3	S455032	Ala-Ile 	CC[C@H](C)[C@H](NC(=O)[C@H](C)N)C(O)=O 	InChI=1S/C9H18N2O3/c1-4-5(2)7(9(13)14)11-8(12)6(3)10/h5-7H,4,10H2,1-3H3,(H,11,12)(H,13,14)/t5-,6-,7-/m0/s1 	ZSOICJZJSRWNHX-ACZMJKKPSA-N 	C9H18N2O3 	CHEBI:73805 		HMDB0028690 	
A	12	1	H-Ala-Asp-OH	C7H12N2O5	A576320	Ala-Asp 	C[C@H](N)C(=O)N[C@@H](CC(O)=O)C(O)=O 	InChI=1S/C7H12N2O5/c1-3(8)6(12)9-4(7(13)14)2-5(10)11/h3-4H,2,8H2,1H3,(H,9,12)(H,10,11)(H,13,14)/t3-,4-/m0/s1 	XAEWTDMGFGHWFK-IMJSIDKUSA-N 	C7H12N2O5 	CHEBI:73803 		HMDB0028683 	
B	1	1	DL-2,3-Diaminopropionic acid monohydrochloride	C3H8N2O2 (free acid)	219630	3-aminoalanine 	NCC(N)C(O)=O 	InChI=1S/C3H8N2O2/c4-1-2(5)3(6)7/h2H,1,4-5H2,(H,6,7) 	PECYZEOJVXMISF-UHFFFAOYSA-N 	C3H8N2O2 	CHEBI:18383 	C06393		
B	2	1	trans-4-Hydroxy-L-proline	C5H9NO3	H54409	trans-4-hydroxy-L-proline	[C@H]1(C[C@@H](O)CN1)C(O)=O	InChI=1S/C5H9NO3/c7-3-1-4(5(8)9)6-2-3/h3-4,6-7H,1-2H2,(H,8,9)/t3-,4+/m1/s1	PMMYEEVYMWASQN-DMTCNVIQSA-N	C5H9NO3	CHEBI:18095	C01157	HMDB0000725	
B	3	1	Alanyl-Glycine	C5H10N2O3	A0878	Ala-Gly	C[C@H](N)C(=O)NCC(O)=O	InChI=1S/C5H10N2O3/c1-3(6)5(10)7-2-4(8)9/h3H,2,6H2,1H3,(H,7,10)(H,8,9)/t3-/m0/s1	CXISPYVYMQWFLE-VKHMYHEASA-N	C5H10N2O3	CHEBI:73757		HMDB0006899	
B	4	1	Ala-Ala	C6H12N2O3	A9502	L-alanyl-L-alanine	C[C@H](N)C(=O)N[C@@H](C)C(O)=O	InChI=1S/C6H12N2O3/c1-3(7)5(9)8-4(2)6(10)11/h3-4H,7H2,1-2H3,(H,8,9)(H,10,11)/t3-,4-/m0/s1	DEFJQIDDEAULHB-IMJSIDKUSA-N	C6H12N2O3	CHEBI:72816		HMDB0028680	
B	5	1	(4R)-4-Hydroxy-L-glutamic acid	C5H9NO5	76157	erythro-4-hydroxy-L-glutamic acid	N[C@@H](C[C@@H](O)C(O)=O)C(O)=O	InChI=1S/C5H9NO5/c6-2(4(8)9)1-3(7)5(10)11/h2-3,7H,1,6H2,(H,8,9)(H,10,11)/t2-,3+/m0/s1	HBDWQSHEVMSFGY-STHAYSLISA-N	C5H9NO5	CHEBI:21285	C05947		
B	6	1	3-Methyl-L-histidine	C7H11N3O2	M9005	N(pros)-methyl-L-histidine	Cn1cncc1C[C@H](N)C(O)=O	InChI=1S/C7H11N3O2/c1-10-4-9-3-5(10)2-6(8)7(11)12/h3-4,6H,2,8H2,1H3,(H,11,12)/t6-/m0/s1	JDHILDINMRGULE-LURJTMIESA-N	C7H11N3O2	CHEBI:27596	C01152	HMDB0000479	
B	7	1	H-Gly-Val-OH	C7H14N2O3	4007209	Gly-Val	CC(C)[C@H](NC(=O)CN)C(O)=O	InChI=1S/C7H14N2O3/c1-4(2)6(7(11)12)9-5(10)3-8/h4,6H,3,8H2,1-2H3,(H,9,10)(H,11,12)/t6-/m0/s1	STKYPAFSDFAEPH-LURJTMIESA-N	C7H14N2O3	CHEBI:73922		HMDB0028854	
B	8	1	Glycyl-D-Asparagine	C6H11N3O4	S788007	Glycyl-D-Asparagine	C([C@H](C(=O)O)NC(=O)CN)C(=O)N	InChI=1S/C6H11N3O4/c7-2-5(11)9-3(6(12)13)1-4(8)10/h3H,1-2,7H2,(H2,8,10)(H,9,11)(H,12,13)/t3-/m1/s1	FUESBOMYALLFNI-GSVOUGTGSA-N	C6H11N3O4				
B	9	1	DL-Alanylglycylglycine Dihydrate	C7H13N3O4 (anhydrous)	A0184	D-Ala-Gly-Gly	C[C@@H](N)C(=O)NCC(=O)NCC(O)=O	InChI=1S/C7H13N3O4/c1-4(8)7(14)10-2-5(11)9-3-6(12)13/h4H,2-3,8H2,1H3,(H,9,11)(H,10,14)(H,12,13)/t4-/m1/s1	VGPWRRFOPXVGOH-SCSAIBSYSA-N	C7H13N3O4	CHEBI:73837			
B	10	1	H-Ala-His-OH	C9H14N4O3	4002657	Ala-His	C[C@H](N)C(=O)N[C@@H](Cc1cnc[nH]1)C(O)=O	InChI=1S/C9H14N4O3/c1-5(10)8(14)13-7(9(15)16)2-6-3-11-4-12-6/h3-5,7H,2,10H2,1H3,(H,11,12)(H,13,14)(H,15,16)/t5-,7-/m0/s1	XZWXFWBHYRFLEF-FSPLSTOPSA-N	C9H14N4O3	CHEBI:73771		HMDB0028689	
B	11	1	5-Methoxy-DL-tryptophan	C12H14N2O3	M4001	5-methoxytryptophan	COc1ccc2[nH]cc(C[C@H](N)C(O)=O)c2c1	InChI=1S/C12H14N2O3/c1-17-8-2-3-11-9(5-8)7(6-14-11)4-10(13)12(15)16/h2-3,5-6,10,14H,4,13H2,1H3,(H,15,16)/t10-/m0/s1	KVNPSKDDJARYKK-JTQLQIEISA-N	C12H14N2O3	CHEBI:74049		HMDB0002339	
B	12	1	3,3′,5-Triiodo-L-thyronine	C15H12I3NO4	T2877	3,3',5-triiodo-L-thyronine	N[C@@H](Cc1cc(I)c(Oc2ccc(O)c(I)c2)c(I)c1)C(O)=O	InChI=1S/C15H12I3NO4/c16-9-6-8(1-2-13(9)20)23-14-10(17)3-7(4-11(14)18)5-12(19)15(21)22/h1-4,6,12,20H,5,19H2,(H,21,22)/t12-/m0/s1	AUYYCJSJGJYCDS-LBPRGKRZSA-N	C15H12I3NO4	CHEBI:18258	C02465	HMDB0000265	
C	1	1	Diethyl aminomalonate hydrochloride	C3H5NO4 (free acid)	D87589	Diethyl aminomalonate	CCOC(=O)C(C(=O)OCC)N	InChI=1S/C7H13NO4/c1-3-11-6(9)5(8)7(10)12-4-2/h5H,3-4,8H2,1-2H3	WLTCKEHCTUYJGI-UHFFFAOYSA-N	C7H13NO4				
C	2	1	N-Butyrylglycine	C6H11NO3	94274	butyrylglycine	C(CNC(=O)CCC)(=O)O	InChI=1S/C6H11NO3/c1-2-3-5(8)7-4-6(9)10/h2-4H2,1H3,(H,7,8)(H,9,10)	WPSSBBPLVMTKRN-UHFFFAOYSA-N	C6H11NO3	CHEBI:89963		HMDB0000808	
C	3	1	2-Furoylglycine	C7H7NO4	F865225	N-(2-furoyl)glycine	O1C=CC=C1C(NCC(O)=O)=O	InChI=1S/C7H7NO4/c9-6(10)4-8-7(11)5-2-1-3-12-5/h1-3H,4H2,(H,8,11)(H,9,10)	KSPQDMRTZZYQLM-UHFFFAOYSA-N	C7H7NO4	CHEBI:82912		HMDB0000439	
C	4	1	Allantoic acid	C4H8N4O4	A541500	HMDB0028691	NC(=O)NC(NC(N)=O)C(O)=O	InChI=1S/C4H8N4O4/c5-3(11)7-1(2(9)10)8-4(6)12/h1H,(H,9,10)(H3,5,7,11)(H3,6,8,12)	NUCLJNSWZCHRKL-UHFFFAOYSA-N	C4H8N4O4	CHEBI:30837	C00499	HMDB0001209	
C	5	1	Ala-Pro hydrate	C8H14N2O3 (Ala-Pro)	A3253	Ala-Pro zwitterion	C(=O)([C@@H]([NH3+])C)N1[C@H](C(=O)[O-])CCC1	InChI=1S/C8H14N2O3/c1-5(9)7(11)10-4-2-3-6(10)8(12)13/h5-6H,2-4,9H2,1H3,(H,12,13)/t5-,6-/m0/s1	WPWUFUBLGADILS-WDSKDSINSA-N	C8H14N2O3	CHEBI:155848			
C	6	1	(2S,3R)-2-((S)-2-Aminopropanamido)-3-hydroxybutanoic acid	C7H14N2O4	A862184	Ala-Thr	C[C@@H](O)[C@H](NC(=O)[C@H](C)N)C(O)=O	InChI=1S/C7H14N2O4/c1-3(8)6(11)9-5(4(2)10)7(12)13/h3-5,10H,8H2,1-2H3,(H,9,11)(H,12,13)/t3-,4+,5-/m0/s1	BUQICHWNXBIBOG-LMVFSUKVSA-N	C7H14N2O4	CHEBI:73762		HMDB0028697	
C	7	1	Alpha-Hydroxyhippuric acid	C9H9NO4	223875	alpha-hydroxyhippuric acid	OC(NC(=O)c1ccccc1)C(O)=O	InChI=1S/C9H9NO4/c11-7(10-8(12)9(13)14)6-4-2-1-3-5-6/h1-5,8,12H,(H,10,11)(H,13,14)	GCWCVCCEIQXUQU-UHFFFAOYSA-N	C9H9NO4	CHEBI:68451		HMDB0002404	
C	8	1	Alanyl-Leucine	C9H18N2O3	A1878	alanyl-leucine	OC(=O)C(NC(=O)C(N)C)CC(C)C	InChI=1S/C9H18N2O3/c1-5(2)4-7(9(13)14)11-8(12)6(3)10/h5-7H,4,10H2,1-3H3,(H,11,12)(H,13,14)	RDIKFPRVLJLMER-UHFFFAOYSA-N	C9H18N2O3	CHEBI:177395		HMDB0028691	
C	9	1	L-Anserine	C10H16N4O3	AA003946	anserine	Cn1cncc1C[C@H](NC(=O)CCN)C(O)=O	InChI=1S/C10H16N4O3/c1-14-6-12-5-7(14)4-8(10(16)17)13-9(15)2-3-11/h5-6,8H,2-4,11H2,1H3,(H,13,15)(H,16,17)/t8-/m0/s1	MYYIAHXIVFADCU-QMMMGPOBSA-N	C10H16N4O3	CHEBI:18323	C01262	HMDB0000194	
C	10	1	Alanyl-Tyrosine	C12H16N2O4	A4003	Alanyl-Tyrosine	OC(=O)C(NC(=O)C(N)C)CC1=CC=C(O)C=C1	InChI=1S/C12H16N2O4/c1-7(13)11(16)14-10(12(17)18)6-8-2-4-9(15)5-3-8/h2-5,7,10,15H,6,13H2,1H3,(H,14,16)(H,17,18)	ALZVPLKYDKJKQU-UHFFFAOYSA-N	C12H16N2O4	CHEBI:174328		HMDB0028699	
C	11	1	H-Asp-Lys-OH	C10H19N3O5	4003468	Lys-Asp	NCCCC[C@H](N)C(=O)N[C@@H](CC(O)=O)C(O)=O	InChI=1S/C10H19N3O5/c11-4-2-1-3-6(12)9(16)13-7(10(17)18)5-8(14)15/h6-7H,1-5,11-12H2,(H,13,16)(H,14,15)(H,17,18)/t6-,7-/m0/s1	CIOWSLJGLSUOME-BQBZGAKWSA-N	C10H19N3O5	CHEBI:73601		HMDB0028947	
C	12	1	Biocytin	C16H28N4O4S	B4261	biocytin	[H][C@]12CS[C@@H](CCCCC(=O)NCCCC[C@H](N)C(O)=O)[C@@]1([H])NC(=O)N2	InChI=1S/C16H28N4O4S/c17-10(15(22)23)5-3-4-8-18-13(21)7-2-1-6-12-14-11(9-25-12)19-16(24)20-14/h10-12,14H,1-9,17H2,(H,18,21)(H,22,23)(H2,19,20,24)/t10-,11-,12-,14-/m0/s1	BAQMYDQNMFBZNA-MNXVOIDGSA-N	C16H28N4O4S	CHEBI:27870	C05552		
D	1	1	D-2-Aminobutyric acid	C4H9NO2	116122	D-alpha-aminobutyric acid	CC[C@@H](N)C(O)=O	InChI=1S/C4H9NO2/c1-2-3(5)4(6)7/h3H,2,5H2,1H3,(H,6,7)/t3-/m1/s1	QWCKQJZIFLGMSD-GSVOUGTGSA-N	C4H9NO2	CHEBI:28797	C02261	HMDB0000650	LMFA01100043
D	2	1	3-Guanidinopropionic acid	C4H9N3O2	G6878	3-guanidinopropanoic acid	NC(=N)NCCC(O)=O	InChI=1S/C4H9N3O2/c5-4(6)7-2-1-3(8)9/h1-2H2,(H,8,9)(H4,5,6,7)	KMXXSJLYVJEBHI-UHFFFAOYSA-N	C4H9N3O2	CHEBI:15968	C03065	HMDB0013222	
D	3	1	D-Ala-D-Ala	C6H12N2O3	A0912	D-alanyl-D-alanine	C[C@@H](N)C(=O)N[C@H](C)C(O)=O	InChI=1S/C6H12N2O3/c1-3(7)5(9)8-4(2)6(10)11/h3-4H,7H2,1-2H3,(H,8,9)(H,10,11)/t3-,4-/m1/s1	DEFJQIDDEAULHB-QWWZWVQMSA-N	C6H12N2O3	CHEBI:16576	C00993	HMDB0003459	
D	4	1	Cys-Gly	C5H10N2O3S	C0166	L-cysteinylglycine	N[C@@H](CS)C(=O)NCC(O)=O	InChI=1S/C5H10N2O3S/c6-3(2-11)5(10)7-1-4(8)9/h3,11H,1-2,6H2,(H,7,10)(H,8,9)/t3-/m0/s1	ZUKPVRWZDMRIEO-VKHMYHEASA-N	C5H10N2O3S	CHEBI:4047	C01419	HMDB0000078	
D	5	1	3-Amino-3-(4-hydroxyphenyl)propanoic acid	C9H11NO3	AC5424076058	3-amino-3-(4-hydroxyphenyl)propanoic acid	NC(CC(O)=O)c1ccc(O)cc1	InChI=1S/C9H11NO3/c10-8(5-9(12)13)6-1-3-7(11)4-2-6/h1-4,8,11H,5,10H2,(H,12,13)	JYPHNHPXFNEZBR-UHFFFAOYSA-N	C9H11NO3	CHEBI:16939	C04368	HMDB0003831	
D	6	1	N-Glutarylglycine	C7H11NO5	53795	Glutarylglycine	O=C(NCC(O)=O)CCCC(O)=O	InChI=1S/C7H11NO5/c9-5(8-4-7(12)13)2-1-3-6(10)11/h1-4H2,(H,8,9)(H,10,11)(H,12,13)	NBLKTRLPZFCMJG-UHFFFAOYSA-N	C7H11NO5	CHEBI:165861		HMDB0000590	
D	7	1	L-Cysteine S-sulfate	C3H7NO5S2	C2196	S-sulfo-L-cysteine	N[C@@H](CSS(O)(=O)=O)C(O)=O	InChI=1S/C3H7NO5S2/c4-2(3(5)6)1-10-11(7,8)9/h2H,1,4H2,(H,5,6)(H,7,8,9)/t2-/m0/s1	NOKPBJYHPHHWAN-REOHCLBHSA-N	C3H7NO5S2	CHEBI:27891	C05824		
D	8	1	Glycyl-L-glutamine Monohydrate	C7H13N3O4 (anhydrous)	G0251	Gly-Gln	NCC(=O)N[C@@H](CCC(N)=O)C(O)=O	InChI=1S/C7H13N3O4/c8-3-6(12)10-4(7(13)14)1-2-5(9)11/h4H,1-3,8H2,(H2,9,11)(H,10,12)(H,13,14)/t4-/m0/s1	PNMUAGGSDZXTHX-BYPYZUCNSA-N	C7H13N3O4	CHEBI:73898		HMDB0028839	
D	9	1	(2S)-2-{[(2S)-2-Aminopropanoyl]amino}pentanedioic acid	C8H14N2O5	CDS021483	L-alanyl-L-glutamic acid	C[C@H](N)C(=O)N[C@@H](CCC(O)=O)C(O)=O	InChI=1S/C8H14N2O5/c1-4(9)7(13)10-5(8(14)15)2-3-6(11)12/h4-5H,2-3,9H2,1H3,(H,10,13)(H,11,12)(H,14,15)/t4-,5-/m0/s1	VYZAGTDAHUIRQA-WHFBIAKZSA-N	C8H14N2O5	CHEBI:61565			
D	10	1	Beta-Asp-Leu	C10H18N2O5	I120100	beta-Asp-Leu	CC(C)C[C@H](NC(=O)C[C@H](N)C(O)=O)C(O)=O	InChI=1S/C10H18N2O5/c1-5(2)3-7(10(16)17)12-8(13)4-6(11)9(14)15/h5-7H,3-4,11H2,1-2H3,(H,12,13)(H,14,15)(H,16,17)/t6-,7-/m0/s1	IYJILWQAFPUBHP-BQBZGAKWSA-N	C10H18N2O5	CHEBI:68600			
D	11	1	Alanyl-Tryptophan	C14H17N3O3	5400	Ala-Trp	C[C@H](N)C(=O)N[C@@H](Cc1c[nH]c2ccccc12)C(O)=O	InChI=1S/C14H17N3O3/c1-8(15)13(18)17-12(14(19)20)6-9-7-16-11-5-3-2-4-10(9)11/h2-5,7-8,12,16H,6,15H2,1H3,(H,17,18)(H,19,20)/t8-,12-/m0/s1	WUGMRIBZSVSJNP-UFBFGSQYSA-N	C14H17N3O3	CHEBI:73808		HMDB0028698	
D	12	1	Arg-Phe acetate salt	C15H23N5O3 (Arg-Phe)	A4908	Arg-Phe	N[C@@H](CCCNC(N)=N)C(=O)N[C@@H](Cc1ccccc1)C(O)=O	InChI=1S/C15H23N5O3/c16-11(7-4-8-19-15(17)18)13(21)20-12(14(22)23)9-10-5-2-1-3-6-10/h1-3,5-6,11-12H,4,7-9,16H2,(H,20,21)(H,22,23)(H4,17,18,19)/t11-,12-/m0/s1	PQBHGSGQZSOLIR-RYUDHWBXSA-N	C15H23N5O3	CHEBI:73818		HMDB0028716	
E	1	1	4-Amino-3-hydroxybutyric acid	C4H9NO3	A56655	gamma-amino-beta-hydroxybutyric acid	NCC(O)CC(O)=O	InChI=1S/C4H9NO3/c5-2-3(6)1-4(7)8/h3,6H,1-2,5H2,(H,7,8)	YQGDEPYYFWUPGO-UHFFFAOYSA-N	C4H9NO3	CHEBI:16080	C03678		
E	2	1	L-Formiminoglutamic Acid	C6H10N2O4	F735558	N-formimidoyl-L-glutamic acid	[H]C(=N)N[C@@H](CCC(O)=O)C(O)=O	InChI=1S/C6H10N2O4/c7-3-8-4(6(11)12)1-2-5(9)10/h3-4H,1-2H2,(H2,7,8)(H,9,10)(H,11,12)/t4-/m0/s1	NRXIKWMTVXPVEF-BYPYZUCNSA-N	C6H10N2O4	CHEBI:7274	C00439		
E	3	1	o-Tyrosine	C9H11NO3	93851	2-hydroxyphenylalanine	OC=1C(CC(N)C(O)=O)=CC=CC1	InChI=1S/C9H11NO3/c10-7(9(12)13)5-6-3-1-2-4-8(6)11/h1-4,7,11H,5,10H2,(H,12,13)	WRFPVMFCRNYQNR-UHFFFAOYSA-N	C9H11NO3	CHEBI:91038			
E	4	1	Glycyl-L-isoleucine	C8H16N2O3	G0129	Gly-Ile	CC[C@H](C)[C@H](NC(=O)CN)C(O)=O	InChI=1S/C8H16N2O3/c1-3-5(2)7(8(12)13)10-6(11)4-9/h5,7H,3-4,9H2,1-2H3,(H,10,11)(H,12,13)/t5-,7-/m0/s1	KGVHCTWYMPWEGN-FSPLSTOPSA-N	C8H16N2O3	CHEBI:73907		HMDB0028844	
E	5	1	3,4-Dihydroxy-DL-phenylalanine	C9H11NO4	D9503	dopa	NC(Cc1ccc(O)c(O)c1)C(O)=O	InChI=1S/C9H11NO4/c10-6(9(13)14)3-5-1-2-7(11)8(12)4-5/h1-2,4,6,11-12H,3,10H2,(H,13,14)	WTDRDQBEARUVNC-UHFFFAOYSA-N	C9H11NO4	CHEBI:49168		HMDB0000609	
E	6	1	H-γ-Glu-Gly-OH	C7H12N2O5	4003498	gamma-Glu-Gly	N[C@@H](CCC(=O)NCC(O)=O)C(O)=O	InChI=1S/C7H12N2O5/c8-4(7(13)14)1-2-5(10)9-3-6(11)12/h4H,1-3,8H2,(H,9,10)(H,11,12)(H,13,14)/t4-/m0/s1	ACIJGUBIMXQCMF-BYPYZUCNSA-N	C7H12N2O5	CHEBI:73845		HMDB0011667	
E	7	1	Gamma-L-Glutamyl-L-alanine	C8H14N2O5	483834	gamma-Glu-Ala	C[C@H](NC(=O)CC[C@H](N)C(O)=O)C(O)=O	InChI=1S/C8H14N2O5/c1-4(7(12)13)10-6(11)3-2-5(9)8(14)15/h4-5H,2-3,9H2,1H3,(H,10,11)(H,12,13)(H,14,15)/t4-,5-/m0/s1	WQXXXVRAFAKQJM-WHFBIAKZSA-N	C8H14N2O5	CHEBI:50619			
E	8	1	DL-Alanyl-DL-methionine	C8H16N2O3S	A0187	Alanyl-Methionine	S(CCC(NC(=O)C(N)C)C(O)=O)C	InChI=1S/C8H16N2O3S/c1-5(9)7(11)10-6(8(12)13)3-4-14-2/h5-6H,3-4,9H2,1-2H3,(H,10,11)(H,12,13)	FSHURBQASBLAPO-UHFFFAOYSA-N	C8H16N2O3S	CHEBI:172911		HMDB0028693	
E	9	1	H-Glu(Glu-OH)-OH	C10H16N2O7	4000639	gamma-Glu-Glu	N[C@@H](CCC(=O)N[C@@H](CCC(O)=O)C(O)=O)C(O)=O	InChI=1S/C10H16N2O7/c11-5(9(16)17)1-3-7(13)12-6(10(18)19)2-4-8(14)15/h5-6H,1-4,11H2,(H,12,13)(H,14,15)(H,16,17)(H,18,19)/t5-,6-/m0/s1	OWQDWQKWSLFFFR-WDSKDSINSA-N	C10H16N2O7	CHEBI:73705	C05282	HMDB0011737	
E	10	1	Asp-Phe	C13H17N3O4	421669	Asp-Phe	N[C@@H](CC(O)=O)C(=O)N[C@@H](Cc1ccccc1)C(O)=O	InChI=1S/C13H16N2O5/c14-9(7-11(16)17)12(18)15-10(13(19)20)6-8-4-2-1-3-5-8/h1-5,9-10H,6-7,14H2,(H,15,18)(H,16,17)(H,19,20)/t9-,10-/m0/s1	YZQCXOFQZKCETR-UWVGGRQHSA-N	C13H16N2O5	CHEBI:73830		HMDB0000706	
E	11	1	Endomorphin II	C32H37N5O5	SCP0133	Endomorphin II	c1ccc(cc1)C[C@@H](C(=O)N)NC(=O)[C@H](Cc2ccccc2)NC(=O)[C@@H]3CCCN3C(=O)[C@H](Cc4ccc(cc4)O)N	InChI=1S/C32H37N5O5/c33-25(18-23-13-15-24(38)16-14-23)32(42)37-17-7-12-28(37)31(41)36-27(20-22-10-5-2-6-11-22)30(40)35-26(29(34)39)19-21-8-3-1-4-9-21/h1-6,8-11,13-16,25-28,38H,7,12,17-20,33H2,(H2,34,39)(H,35,40)(H,36,41)/t25-,26-,27-,28-/m0/s1	XIJHWXXXIMEHKW-LJWNLINESA-N	C32H37N5O5				
E	12	1	Tyr-Tyr-Tyr	C27H29N3O7	T2007	Tyr-Tyr-Tyr	O=C(N[C@@H](CC1=CC=C(O)C=C1)C(O)=O)[C@@H](NC(=O)[C@@H](N)CC2=CC=C(O)C=C2)CC3=CC=C(O)C=C3	InChI=1S/C27H29N3O7/c28-22(13-16-1-7-19(31)8-2-16)25(34)29-23(14-17-3-9-20(32)10-4-17)26(35)30-24(27(36)37)15-18-5-11-21(33)12-6-18/h1-12,22-24,31-33H,13-15,28H2,(H,29,34)(H,30,35)(H,36,37)/t22-,23-,24-/m0/s1	RMRFSFXLFWWAJZ-HJOGWXRNSA-N	C27H29N3O7	CHEBI:166033			
F	1	1	N,N-Dimethylglycine	C4H9NO2	sc-215499A	N,N-dimethylglycine	CN(C)CC(O)=O	InChI=1S/C4H9NO2/c1-5(2)3-4(6)7/h3H2,1-2H3,(H,6,7)	FFDGPVCHZBVARC-UHFFFAOYSA-N	C4H9NO2	CHEBI:17724	C01026	HMDB0000092	
F	2	1	γ-Glu-ε-Lys	C11H21N3O5	G5136	epsilon-(gamma-glutamyl)lysine	O=C(CC[C@H](N)C(O)=O)NCCCC[C@H](N)C(O)=O	InChI=1S/C11H21N3O5/c12-7(10(16)17)3-1-2-6-14-9(15)5-4-8(13)11(18)19/h7-8H,1-6,12-13H2,(H,14,15)(H,16,17)(H,18,19)/t7-,8-/m0/s1	JPKNLFVGUZRHOB-YUMQZZPRSA-N	C11H21N3O5	CHEBI:88494		HMDB0003869	
F	3	1	Gly-Gly	C4H8N2O3	50199	glycylglycine	NCC(=O)NCC(O)=O	InChI=1S/C4H8N2O3/c5-1-3(7)6-2-4(8)9/h1-2,5H2,(H,6,7)(H,8,9)	YMAWOPBAYDPSLA-UHFFFAOYSA-N	C4H8N2O3	CHEBI:17201	C02037	HMDB0011733	
F	4	1	DL-2-Aminooctanoic acid	C8H17NO2	217700	2-aminooctanoic acid	CCCCCCC(N)C(O)=O	InChI=1S/C8H17NO2/c1-2-3-4-5-6-7(9)8(10)11/h7H,2-6,9H2,1H3,(H,10,11)	AKVBCGQVQXPRLD-UHFFFAOYSA-N	C8H17NO2	CHEBI:75145		HMDB0000991	
F	5	1	L-Glutamic acid 5-methyl ester	C6H11NO4	858269	Glutamic acid, gamma-methyl ester	O(C(=O)CCC(N)C(O)=O)C	InChI=1S/C6H11NO4/c1-11-5(8)3-2-4(7)6(9)10/h4H,2-3,7H2,1H3,(H,9,10)	ZGEYCCHDTIDZAE-UHFFFAOYSA-N		CHEBI:165860		HMDB0061715	
F	6	1	Glycyl-L-proline	C7H12N2O3	G0137	Gly-Pro	NCC(=O)N1CCC[C@H]1C(O)=O	InChI=1S/C7H12N2O3/c8-4-6(10)9-3-1-2-5(9)7(11)12/h5H,1-4,8H2,(H,11,12)/t5-/m0/s1	KZNQNBZMBZJQJO-YFKPBYRVSA-N	C7H12N2O3	CHEBI:70744		HMDB0000721	
F	7	1	Glycyl-L-leucine	C8H16N2O3	G750000	Gly-Leu	CC(C)C[C@H](NC(=O)CN)C(O)=O	InChI=1S/C8H16N2O3/c1-5(2)3-6(8(12)13)10-7(11)4-9/h5-6H,3-4,9H2,1-2H3,(H,10,11)(H,12,13)/t6-/m0/s1	DKEXFJVMVGETOO-LURJTMIESA-N	C8H16N2O3	CHEBI:73514		HMDB0000759	
F	8	1	H-GLY-DL-ASP-OH	C6H10N2O5	AA003QPU	Gly-Asp	NCC(=O)N[C@@H](CC(O)=O)C(O)=O	InChI=1S/C6H10N2O5/c7-2-4(9)8-3(6(12)13)1-5(10)11/h3H,1-2,7H2,(H,8,9)(H,10,11)(H,12,13)/t3-/m0/s1	SCCPDJAQCXWPTF-VKHMYHEASA-N	C6H10N2O5	CHEBI:73804		HMDB0028837	
F	9	1	Glycyl-L-glutamic Acid	C7H12N2O5	G0123	Gly-Glu	NCC(=O)N[C@@H](CCC(O)=O)C(O)=O	InChI=1S/C7H12N2O5/c8-3-5(10)9-4(7(13)14)1-2-6(11)12/h4H,1-3,8H2,(H,9,10)(H,11,12)(H,13,14)/t4-/m0/s1	IEFJWDNGDZAYNZ-BYPYZUCNSA-N	C7H12N2O5	CHEBI:73801			
F	10	1	H-Ile-Leu-OH	C12H24N2O3	A349344	Ile-Leu	CC[C@H](C)[C@H](N)C(=O)N[C@@H](CC(C)C)C(O)=O	InChI=1S/C12H24N2O3/c1-5-8(4)10(13)11(15)14-9(12(16)17)6-7(2)3/h7-10H,5-6,13H2,1-4H3,(H,14,15)(H,16,17)/t8-,9-,10-/m0/s1	JWBXCSQZLLIOCI-GUBZILKMSA-N	C12H24N2O3	CHEBI:74072		HMDB0028911	
F	11	1	H-Glu(Leu-OH)-OH	C11H20N2O5	4005004	gamma-Glu-Leu	CC(C)C[C@H](NC(=O)CC[C@H](N)C(O)=O)C(O)=O	InChI=1S/C11H20N2O5/c1-6(2)5-8(11(17)18)13-9(14)4-3-7(12)10(15)16/h6-8H,3-5,12H2,1-2H3,(H,13,14)(H,15,16)(H,17,18)/t7-,8-/m0/s1	MYFMARDICOWMQP-YUMQZZPRSA-N	C11H20N2O5	CHEBI:68433		HMDB0011171	
F	12	1	H-Glu(His-OH)-OH	C11H16N4O5	4014368	gamma-Glu-His	N[C@H](C(O)=O)CCC(=O)N[C@@H](CC=1N=CNC1)C(O)=O	InChI=1S/C11H16N4O5/c12-7(10(17)18)1-2-9(16)15-8(11(19)20)3-6-4-13-5-14-6/h4-5,7-8H,1-3,12H2,(H,13,14)(H,15,16)(H,17,18)(H,19,20)/t7-,8-/m0/s1	PXVCMZCJAUJLJP-YUMQZZPRSA-N	C11H16N4O5	CHEBI:133032			
G	1	1	Guanidineacetic acid	C3H7N3O2	G11608	guanidinoacetic acid	C(CNC(=N)N)(O)=O	InChI=1S/C3H7N3O2/c4-3(5)6-1-2(7)8/h1H2,(H,7,8)(H4,4,5,6)	BPMFZUMJYQTVII-UHFFFAOYSA-N	C3H7N3O2	CHEBI:16344	C00581	HMDB0000128	
G	2	1	L-allo-Isoleucine	C6H13NO2	I8754	L-alloisoleucine	CC[C@@H](C)[C@H](N)C(O)=O	InChI=1S/C6H13NO2/c1-3-4(2)5(7)6(8)9/h4-5H,3,7H2,1-2H3,(H,8,9)/t4-,5+/m1/s1	AGPKZVBTJJNPAG-UHNVWZDZSA-N	C6H13NO2	CHEBI:43433		HMDB0000557	
G	3	1	Glycyl-D,L-Serine	C5H10N2O4	S350265	Glycyl-Serine	OCC(NC(=O)CN)C(O)=O	InChI=1S/C5H10N2O4/c6-1-4(9)7-3(2-8)5(10)11/h3,8H,1-2,6H2,(H,7,9)(H,10,11)	BCCRXDTUTZHDEU-UHFFFAOYSA-N	C5H10N2O4	CHEBI:177270		HMDB0028850	
G	4	1	N-Hexanoylglycine	C8H15NO3	93544	N-hexanoylglycine	CCCCCC(=O)NCC(O)=O	InChI=1S/C8H15NO3/c1-2-3-4-5-7(10)9-6-8(11)12/h2-6H2,1H3,(H,9,10)(H,11,12)	UPCKIPHSXMXJOX-UHFFFAOYSA-N	C8H15NO3	CHEBI:64390		HMDB0000701	
G	5	1	Glycyl-d-threonine dihydrate	C6H12N2O4 (anhydrous)	AA003QQ1	Gly-D-Thr	InChI=1S/C6H12N2O4/c1-3(9)5(6(11)12)8-4(10)2-7/h3,5,9H,2,7H2,1H3,(H,8,10)(H,11,12)/t3-,5+/m0/s1	InChI=1S/C6H12N2O4/c1-3(9)5(6(11)12)8-4(10)2-7/h3,5,9H,2,7H2,1H3,(H,8,10)(H,11,12)/t3-,5+/m0/s1	OLIFSFOFKGKIRH-WVZVXSGGSA-N	C6H12N2O4	CHEBI:73896			
G	6	1	Nicotinuric acid	C8H8N2O3	N4751	N-nicotinoylglycine	OC(=O)CNC(=O)c1cccnc1	InChI=1S/C8H8N2O3/c11-7(12)5-10-8(13)6-2-1-3-9-4-6/h1-4H,5H2,(H,10,13)(H,11,12)	ZBSGKPYXQINNGF-UHFFFAOYSA-N	C8H8N2O3	CHEBI:7563	C05380	HMDB0003269	
G	7	1	L-Homoarginine hydrochloride	C7H16N4O2 (free base)	H1007	L-homoarginine	CHEBI:27747	InChI=1S/C7H16N4O2/c8-5(6(12)13)3-1-2-4-11-7(9)10/h5H,1-4,8H2,(H,12,13)(H4,9,10,11)/t5-/m0/s1	QUOGESRFPZDMMT-YFKPBYRVSA-N	C7H16N4O2	CHEBI:27747	C01924	HMDB0000670	
G	8	1	Alanyl-Glutamine	C8H15N3O4	A0550	Ala-Gln	C[C@H](N)C(=O)N[C@@H](CCC(N)=O)C(O)=O	InChI=1S/C8H15N3O4/c1-4(9)7(13)11-5(8(14)15)2-3-6(10)12/h4-5H,2-3,9H2,1H3,(H2,10,12)(H,11,13)(H,14,15)/t4-,5-/m0/s1	HJCMDXDYPOUFDY-WHFBIAKZSA-N	C8H15N3O4	CHEBI:73788		HMDB0028685	
G	9	1	(S)-2-((S)-2-Amino-3-(1H-imidazol-4-yl)propanamido)propanoic acid	C9H14N4O3	A123472	His-Ala	C[C@H](NC(=O)[C@@H](N)Cc1c[nH]cn1)C(O)=O	InChI=1S/C9H14N4O3/c1-5(9(15)16)13-8(14)7(10)2-6-3-11-4-12-6/h3-5,7H,2,10H2,1H3,(H,11,12)(H,13,14)(H,15,16)/t5-,7-/m0/s1	FRJIAZKQGSCKPQ-FSPLSTOPSA-N	C9H14N4O3	CHEBI:73924		HMDB0028878	
G	10	1	Glycyl-L-tyrosine dihydrate	C11H14N2O4 (Glycyltyrosine)	AA003SYW	Gly-Tyr	NCC(=O)N[C@@H](Cc1ccc(O)cc1)C(O)=O	InChI=1S/C11H14N2O4/c12-6-10(15)13-9(11(16)17)5-7-1-3-8(14)4-2-7/h1-4,9,14H,5-6,12H2,(H,13,15)(H,16,17)/t9-/m0/s1	XBGGUPMXALFZOT-VIFPVBQESA-N	C11H14N2O4	CHEBI:73517		HMDB0028853	
G	11	1	Ile-Ile-OH	C12H20N4O3 (Histidinyl-Isoleucine)	CH6371379429	His-Leu	CC(C)C[C@H](NC(=O)[C@@H](N)Cc1c[nH]cn1)C(O)=O	InChI=1S/C12H20N4O3/c1-7(2)3-10(12(18)19)16-11(17)9(13)4-8-5-14-6-15-8/h5-7,9-10H,3-4,13H2,1-2H3,(H,14,15)(H,16,17)(H,18,19)/t9-,10-/m0/s1	MMFKFJORZBJVNF-UWVGGRQHSA-N	C12H20N4O3	CHEBI:5729	C05010	HMDB0028889	
G	12	1	His-Val-OH	C11H18N4O3	6091	His-Val	CC(C)[C@H](NC(=O)[C@@H](N)Cc1c[nH]cn1)C(O)=O	InChI=1S/C11H18N4O3/c1-6(2)9(11(17)18)15-10(16)8(12)3-7-4-13-5-14-7/h4-6,8-9H,3,12H2,1-2H3,(H,13,14)(H,15,16)(H,17,18)/t8-,9-/m0/s1	VLDVBZICYBVQHB-IUCAKERBSA-N	C11H18N4O3	CHEBI:74060		HMDB0028898	
A	1	2	3-Aminobutanoic acid	C4H9NO2	A44207	3-aminobutanoic acid	NC(CC(=O)O)C	InChI=1S/C4H9NO2/c1-3(5)2-4(6)7/h3H,2,5H2,1H3,(H,6,7)	OQEBBZSWEGYTPG-UHFFFAOYSA-N	C4H9NO2	CHEBI:37081		HMDB0031654	
A	2	2	N-Acetyl-L-serine	C5H9NO4	COM448662605	N-acetyl-L-serine	C([C@H](CO)NC(C)=O)(=O)O	InChI=1S/C5H9NO4/c1-3(8)6-4(2-7)5(9)10/h4,7H,2H2,1H3,(H,6,8)(H,9,10)/t4-/m0/s1	JJIHLJJYMXLCOY-BYPYZUCNSA-N	C5H9NO4	CHEBI:45441		HMDB0002931	
A	3	2	H-Leu-Gly-OH	C8H16N2O3	A201724	Leu-Gly	CC(C)C[C@H](N)C(=O)NCC(O)=O	InChI=1S/C8H16N2O3/c1-5(2)3-6(9)8(13)10-4-7(11)12/h5-6H,3-4,9H2,1-2H3,(H,10,13)(H,11,12)/t6-/m0/s1	LESXFEZIFXFIQR-LURJTMIESA-N	C8H16N2O3	CHEBI:74534		HMDB0028929	
A	4	2	Leu-Ala hydrate	C9H18N2O3 (Anhydrous)	L9250	Leu-Ala	CC(C)C[C@H](N)C(=O)N[C@@H](C)C(O)=O	InChI=1S/C9H18N2O3/c1-5(2)4-7(10)8(12)11-6(3)9(13)14/h5-7H,4,10H2,1-3H3,(H,11,12)(H,13,14)/t6-,7-/m0/s1	HSQGMTRYSIHDAC-BQBZGAKWSA-N	C9H18N2O3	CHEBI:73527		HMDB0028922	
A	5	2	H-Leu-Ser-OH	C9H18N2O4	A233476	Leu-Ser	CC(C)C[C@H](N)C(=O)N[C@@H](CO)C(O)=O	InChI=1S/C9H18N2O4/c1-5(2)3-6(10)8(13)11-7(4-12)9(14)15/h5-7,12H,3-4,10H2,1-2H3,(H,11,13)(H,14,15)/t6-,7-/m0/s1	XGDCYUQSFDQISZ-BQBZGAKWSA-N	C9H18N2O4	CHEBI:73523		HMDB0028938	
A	6	2	Leu-Pro hydrochloride	C11H20N2O3 (free base)	L8753	Leu-Pro	CC(C)C[C@H](N)C(=O)N1CCC[C@H]1C(O)=O	InChI=1S/C11H20N2O3/c1-7(2)6-8(12)10(14)13-5-3-4-9(13)11(15)16/h7-9H,3-6,12H2,1-2H3,(H,15,16)/t8-,9-/m0/s1	VTJUNIYRYIAIHF-IUCAKERBSA-N	C11H20N2O3	CHEBI:73580		HMDB0011175	
A	7	2	DL-Leucyl-DL-valine	C11H22N2O3	L0041	Leucyl-Valine	O=C(NC(C(C)C)C(O)=O)C(N)CC(C)C	InChI=1S/C11H22N2O3/c1-6(2)5-8(12)10(14)13-9(7(3)4)11(15)16/h6-9H,5,12H2,1-4H3,(H,13,14)(H,15,16)	MDSUKZSLOATHMH-UHFFFAOYSA-N	C11H22N2O3	CHEBI:177272		HMDB0028942	
A	8	2	L-Lysyl-L-proline Dihydrochloride	C11H21N3O3 (free base)	L488800	Lys-Pro	NCCCC[C@H](N)C(=O)N1CCC[C@H]1C(O)=O	InChI=1S/C11H21N3O3/c12-6-2-1-4-8(13)10(15)14-7-3-5-9(14)11(16)17/h8-9H,1-7,12-13H2,(H,16,17)/t8-,9-/m0/s1	AIXUQKMMBQJZCU-IUCAKERBSA-N	C11H21N3O3	CHEBI:74567		HMDB0028959	
A	9	2	H-Lys-Val-OH	C11H23N3O3	A132161	Lys-Val	CC(C)[C@H](NC(=O)[C@@H](N)CCCCN)C(O)=O	InChI=1S/C11H23N3O3/c1-7(2)9(11(16)17)14-10(15)8(13)5-3-4-6-12/h7-9H,3-6,12-13H2,1-2H3,(H,14,15)(H,16,17)/t8-,9-/m0/s1	YQAIUOWPSUOINN-IUCAKERBSA-N	C11H23N3O3	CHEBI:73607		HMDB0028964	
A	10	2	H-Lys-Leu-OH	C12H25N3O3	A423364	Lys-Leu	CC(C)C[C@H](NC(=O)[C@@H](N)CCCCN)C(O)=O	InChI=1S/C12H25N3O3/c1-8(2)7-10(12(17)18)15-11(16)9(14)5-3-4-6-13/h8-10H,3-7,13-14H2,1-2H3,(H,15,16)(H,17,18)/t9-,10-/m0/s1	ATIPDCIQTUXABX-UWVGGRQHSA-N	C12H25N3O3	CHEBI:74561		HMDB0028955	
A	11	2	L-Cysteine-glutathione disulfide	C8H15N3O5S2	17582	L-cysteine glutathione disulfide	N[C@@H](CCC(=O)N[C@@H](CSSC[C@H](N)C(O)=O)C(=O)NCC(O)=O)C(O)=O	InChI=1S/C13H22N4O8S2/c14-6(12(22)23)1-2-9(18)17-8(11(21)16-3-10(19)20)5-27-26-4-7(15)13(24)25/h6-8H,1-5,14-15H2,(H,16,21)(H,17,18)(H,19,20)(H,22,23)(H,24,25)/t6-,7-,8-/m0/s1	BNRXZEPOHPEEAS-FXQIFTODSA-N	C13H22N4O8S2	CHEBI:21264	C05526	HMDB0000656	
A	12	2	Kyotorphin acetate salt	C15H23N5O4 (free base)	SML1461	Tyr-Arg	C1=CC(C[C@@H](C(N[C@H](C(=O)O)CCCNC(=N)N)=O)N)=CC=C1O	InChI=1S/C15H23N5O4/c16-11(8-9-3-5-10(21)6-4-9)13(22)20-12(14(23)24)2-1-7-19-15(17)18/h3-6,11-12,21H,1-2,7-8,16H2,(H,20,22)(H,23,24)(H4,17,18,19)/t11-,12-/m0/s1	JXNRXNCCROJZFB-RYUDHWBXSA-N	C15H23N5O4	CHEBI:17537	C02993		
B	1	2	N-Ethylglycine	C4H9NO2	E918505	N-ethylglycine	CCNCC(O)=O	InChI=1S/C4H9NO2/c1-2-5-3-4(6)7/h5H,2-3H2,1H3,(H,6,7)	YPIGGYHFMKJNKV-UHFFFAOYSA-N	C4H9NO2	CHEBI:15620	C11735		
B	2	2	N-Acetyl-L-proline	C7H11NO3	A0783	N-acetyl-L-proline	CC(=O)N1CCC[C@H]1C(O)=O	InChI=1S/C7H11NO3/c1-5(9)8-4-2-3-6(8)7(10)11/h6H,2-4H2,1H3,(H,10,11)/t6-/m0/s1	GNMSLDIYJOSUSW-LURJTMIESA-N	C7H11NO3	CHEBI:21560			
B	3	2	Nε-Methyl-L-lysine hydrochloride	C7H16N2O2 (free base)	4685	N(6)-methyl-L-lysine	CNCCCC[C@H](N)C(O)=O	InChI=1S/C7H16N2O2/c1-9-5-3-2-4-6(8)7(10)11/h6,9H,2-5,8H2,1H3,(H,10,11)/t6-/m0/s1	PQNASZJZHFPQLE-LURJTMIESA-N	C7H16N2O2	CHEBI:17604	C02728	HMDB0002038	
B	4	2	Nα-Acetyl-L-asparagine	C6H10N2O4	441554	N-alpha-acetyl-L-asparagine	CC(=O)N[C@@H](CC(N)=O)C(O)=O	InChI=1S/C6H10N2O4/c1-3(9)8-4(6(11)12)2-5(7)10/h4H,2H2,1H3,(H2,7,10)(H,8,9)(H,11,12)/t4-/m0/s1	HXFOXFJUNFFYMO-BYPYZUCNSA-N	C6H10N2O4	CHEBI:139582		HMDB0006028	
B	5	2	L-Methionine sulfone	C5H11NO4S	M0876	L-methionine sulfone	C(=O)([C@@H](N)CCS(C)(=O)=O)O	InChI=1S/C5H11NO4S/c1-11(9,10)3-2-4(6)5(7)8/h4H,2-3,6H2,1H3,(H,7,8)/t4-/m0/s1	UCUNFLYVYCGDHP-BYPYZUCNSA-N	C5H11NO4S	CHEBI:21363			
B	6	2	L-Homocysteic acid	C4H9NO5S	H9633	L-homocysteic acid	OC([C@H](CCS(O)(=O)=O)N)=O	InChI=1S/C4H9NO5S/c5-3(4(6)7)1-2-11(8,9)10/h3H,1-2,5H2,(H,6,7)(H,8,9,10)/t3-/m0/s1	VBOQYPQEPHKASR-VKHMYHEASA-N	C4H9NO5S	CHEBI:132223	C16511	HMDB0002205	
B	7	2	Nepsilon-Acetyl-L-lysine	C8H16N2O3	A4021	N(6)-acetyl-L-lysine	CC(=O)NCCCC[C@H](N)C(O)=O	InChI=1S/C8H16N2O3/c1-6(11)10-5-3-2-4-7(9)8(12)13/h7H,2-5,9H2,1H3,(H,10,11)(H,12,13)/t7-/m0/s1	DTERQYGMUDWYAZ-ZETCQYMHSA-N	C8H16N2O3	CHEBI:17752	C02727	HMDB0000206	
B	8	2	L-Methionylglycine	C7H14N2O3S	M0250	Met-Gly	CSCC[C@H](N)C(=O)NCC(O)=O	InChI=1S/C7H14N2O3S/c1-13-3-2-5(8)7(12)9-4-6(10)11/h5H,2-4,8H2,1H3,(H,9,12)(H,10,11)/t5-/m0/s1	QXOHLNCNYLGICT-YFKPBYRVSA-N	C7H14N2O3S	CHEBI:73611		HMDB0028973	
B	9	2	H-Val-Asp-OH	C9H16N2O5	V991728	Val-Asp	CC(C)[C@H](N)C(=O)N[C@@H](CC(O)=O)C(O)=O	InChI=1S/C9H16N2O5/c1-4(2)7(10)8(14)11-5(9(15)16)3-6(12)13/h4-5,7H,3,10H2,1-2H3,(H,11,14)(H,12,13)(H,15,16)/t5-,7-/m0/s1	OBTCMSPFOITUIJ-FSPLSTOPSA-N	C9H16N2O5	CHEBI:75009		HMDB0029123	
B	10	2	H-Glu(Val-OH)-OH	C10H18N2O5	4003707	gamma-Glu-Val	CC(C)[C@H](NC(=O)CC[C@H](N)C(O)=O)C(O)=O	InChI=1S/C10H18N2O5/c1-5(2)8(10(16)17)12-7(13)4-3-6(11)9(14)15/h5-6,8H,3-4,11H2,1-2H3,(H,12,13)(H,14,15)(H,16,17)/t6-,8-/m0/s1	AQAKHZVPOOGUCK-XPUUQOCRSA-N	C10H18N2O5	CHEBI:68848		HMDB0011172	
B	11	2	Phe-Pro	C14H18N2O3	P6258	Phe-Pro	N[C@@H](Cc1ccccc1)C(=O)N1CCC[C@H]1C(O)=O	InChI=1S/C14H18N2O3/c15-11(9-10-5-2-1-3-6-10)13(17)16-8-4-7-12(16)14(18)19/h1-3,5-6,11-12H,4,7-9,15H2,(H,18,19)/t11-,12-/m0/s1	WEQJQNWXCSUVMA-RYUDHWBXSA-N	C14H18N2O3	CHEBI:74750		HMDB0011177	
B	12	2	L-Thyronine	C15H15NO4	AA001R5E	L-thyronine	N[C@@H](Cc1ccc(Oc2ccc(O)cc2)cc1)C(O)=O	InChI=1S/C15H15NO4/c16-14(15(18)19)9-10-1-5-12(6-2-10)20-13-7-3-11(17)4-8-13/h1-8,14,17H,9,16H2,(H,18,19)/t14-/m0/s1	KKCIOUWDFWQUBT-AWEZNQCLSA-N	C15H15NO4	CHEBI:30662			
C	1	2	N-Methyl-L-alanine	C4H9NO2	2676	N-methyl-L-alanine	CN[C@@H](C)C(O)=O	InChI=1S/C4H9NO2/c1-3(5-2)4(6)7/h3,5H,1-2H3,(H,6,7)/t3-/m0/s1	GDFAOVXKHJXLEI-VKHMYHEASA-N	C4H9NO2	CHEBI:17519	"C02721	"		
C	2	2	N-Propionylglycine	C5H9NO3	92986	propionylglycine	C(CNC(=O)CC)(=O)O	InChI=1S/C5H9NO3/c1-2-4(7)6-3-5(8)9/h2-3H2,1H3,(H,6,7)(H,8,9)	WOMAZEJKVZLLFE-UHFFFAOYSA-N	C5H9NO3	CHEBI:89836		HMDB0000783	
C	3	2	N-Isobutyrylglycine	C6H11NO3	4513	N-isobutyrylglycine	CC(C)C(=O)NCC(O)=O	InChI=1S/C6H11NO3/c1-4(2)6(10)7-3-5(8)9/h4H,3H2,1-2H3,(H,7,10)(H,8,9)	DCICDMMXFIELDF-UHFFFAOYSA-N	C6H11NO3	CHEBI:70979		HMDB0000730	
C	4	2	N-Acetyl-DL-valine	C7H13NO3	A186658	N-acetyl-L-valine	O=C(O)[C@@H](NC(=O)C)C(C)C	InChI=1S/C7H13NO3/c1-4(2)6(7(10)11)8-5(3)9/h4,6H,1-3H3,(H,8,9)(H,10,11)/t6-/m0/s1	IHYJTAOFMMMOPX-LURJTMIESA-N	C7H13NO3	CHEBI:21565			
C	5	2	Acetyl-L-threonine	C6H11NO4	sc-284929	N-acetyl-L-threonine	C[C@@H](O)[C@H](NC(C)=O)C(O)=O	InChI=1S/C6H11NO4/c1-3(8)5(6(10)11)7-4(2)9/h3,5,8H,1-2H3,(H,7,9)(H,10,11)/t3-,5+/m1/s1	PEDXUVCGOLSNLQ-WUJLRWPWSA-N	C6H11NO4	CHEBI:45826			
C	6	2	N-Acetylisoleucine	C8H15NO3	A192295	N-acetylisoleucine	CCC(C)C(NC(C)=O)C(O)=O	InChI=1S/C8H15NO3/c1-4-5(2)7(8(11)12)9-6(3)10/h5,7H,4H2,1-3H3,(H,9,10)(H,11,12)	JDTWZSUNGHMMJM-UHFFFAOYSA-N	C8H15NO3	CHEBI:84056			
C	7	2	Nα-Acetyl-L-glutamine	C7H12N2O4	A9125	N-acetyl-L-glutamine	CC(=O)N[C@@H](CCC(N)=O)C(O)=O	InChI=1S/C7H12N2O4/c1-4(10)9-5(7(12)13)2-3-6(8)11/h5H,2-3H2,1H3,(H2,8,11)(H,9,10)(H,12,13)/t5-/m0/s1	KSMRODHGGIIXDV-YFKPBYRVSA-N	C7H12N2O4	CHEBI:21553		HMDB0006029	
C	8	2	N-Acetyl-L-methionine	C7H13NO3S	1310	N-acetyl-L-methionine	CSCC[C@H](NC(C)=O)C(O)=O	InChI=1S/C7H13NO3S/c1-5(9)8-6(7(10)11)3-4-12-2/h6H,3-4H2,1-2H3,(H,8,9)(H,10,11)/t6-/m0/s1	XUYPXLNMDZIRQH-LURJTMIESA-N	C7H13NO3S	CHEBI:21557	C02712	HMDB0011745	
C	9	2	N-Acetyl-L-histidine monohydrate	C8H11N3O3 (anhydrous)	A0698	N-acetyl-L-histidine	CC(=O)N[C@@H](Cc1cnc[nH]1)C(O)=O	InChI=1S/C8H11N3O3/c1-5(12)11-7(8(13)14)2-6-3-9-4-10-6/h3-4,7H,2H2,1H3,(H,9,10)(H,11,12)(H,13,14)/t7-/m0/s1	KBOJOGQFRVVWBH-ZETCQYMHSA-N	C8H11N3O3	CHEBI:16437	C02997	HMDB0032055	
C	10	2	N-Acetyl-L-tyrosine	C11H13NO4	A189735	N-acetyl-L-tyrosine	C([C@H](CC1=CC=C(C=C1)O)NC(C)=O)(=O)O	InChI=1S/C11H13NO4/c1-7(13)12-10(11(15)16)6-8-2-4-9(14)5-3-8/h2-5,10,14H,6H2,1H3,(H,12,13)(H,15,16)/t10-/m0/s1	CAHKINHBCWCHCF-JTQLQIEISA-N	C11H13NO4	CHEBI:21563		HMDB0000866	
C	11	2	L-Glutamine, L-γ-glutamyl-	C10H17N3O6	AA0004IB	gamma-Glu-Gln	N[C@@H](CCC(=O)N[C@@H](CCC(N)=O)C(O)=O)C(O)=O	InChI=1S/C10H17N3O6/c11-5(9(16)17)1-4-8(15)13-6(10(18)19)2-3-7(12)14/h5-6H,1-4,11H2,(H2,12,14)(H,13,15)(H,16,17)(H,18,19)/t5-,6-/m0/s1	JBFYFLXEJFQWMU-WDSKDSINSA-N	C10H17N3O6	CHEBI:73707	C05283	HMDB0011738	
C	12	2	N-Acetyl-Asp-Glu	C11H16N2O8	A5930	Ac-Asp-Glu	CC(=O)N[C@@H](CC(O)=O)C(=O)N[C@@H](CCC(O)=O)C(O)=O	InChI=1S/C11H16N2O8/c1-5(14)12-7(4-9(17)18)10(19)13-6(11(20)21)2-3-8(15)16/h6-7H,2-4H2,1H3,(H,12,14)(H,13,19)(H,15,16)(H,17,18)(H,20,21)/t6-,7-/m0/s1	OPVPGKGADVGKTG-BQBZGAKWSA-N	C11H16N2O8	CHEBI:73688	C12270		
D	1	2	α-(Methylamino)isobutyric acid	C5H11NO2	M2383	alpha-(methylamino)isobutyric acid	OC(=O)C(NC)(C)C	InChI=1S/C5H11NO2/c1-5(2,6-3)4(7)8/h6H,1-3H3,(H,7,8)	DLAMVQGYEVKIRE-UHFFFAOYSA-N	C5H11NO2	CHEBI:134261			
D	2	2	N-Methyl-L-proline	C6H11NO2	AA003T53	N-methylproline	[C@H]1(CCCN1C)C(O)=O	InChI=1S/C6H11NO2/c1-7-4-2-3-5(7)6(8)9/h5H,2-4H2,1H3,(H,8,9)/t5-/m0/s1	CWLQUGTUXBXTLF-YFKPBYRVSA-N	C6H11NO2	CHEBI:90344			
D	3	2	Glycine, N-(aminocarbonyl)-N-methyl-	C4H8N2O3	AA0030HL	N-carbamoylsarcosine	CN(CC(O)=O)C(N)=O	InChI=1S/C4H8N2O3/c1-6(4(5)9)2-3(7)8/h2H2,1H3,(H2,5,9)(H,7,8)	SREKYKXYSQMOIB-UHFFFAOYSA-N	C4H8N2O3	CHEBI:15737			
D	4	2	N-Propionylalanine	C6H11NO3	CH4182076515	N-Propionylalanine	OC(=O)[C@@H](NC(=O)CC)C	InChI=1S/C6H11NO3/c1-3-5(8)7-4(2)6(9)10/h4H,3H2,1-2H3,(H,7,8)(H,9,10)/t4-/m0/s1	INPGLFHHFHOGRM-BYPYZUCNSA-N	C6H11NO3	CHEBI:192720			
D	5	2	Methionine sulfoxide	C5H11NO3S	64430	L-methionine S-oxide	CS(=O)CC[C@H](N)C(O)=O	InChI=1S/C5H11NO3S/c1-10(9)3-2-4(6)5(7)8/h4H,2-3,6H2,1H3,(H,7,8)/t4-,10?/m0/s1	QEFRNWWLZKMPFJ-YGVKFDHGSA-N	C5H11NO3S	CHEBI:17016	C02989		
D	6	2	Carboxyethyl-gamma-aminobutyric acid	C7H13NO4	sc-252548	N-carboxyethyl-gamma-aminobutyric acid	C(CCCNCCC(=O)O)(=O)O	InChI=1S/C7H13NO4/c9-6(10)2-1-4-8-5-3-7(11)12/h8H,1-5H2,(H,9,10)(H,11,12)	SRGQUICKDUQCKO-UHFFFAOYSA-N	C7H13NO4	CHEBI:138529		HMDB0002201	
D	7	2	N-Formyl-L-methionine	C6H11NO3S	sc-215458A	N-formyl-L-methionine	[H]C(=O)N[C@@H](CCSC)C(O)=O	InChI=1S/C6H11NO3S/c1-11-3-2-5(6(9)10)7-4-8/h4-5H,2-3H2,1H3,(H,7,8)(H,9,10)/t5-/m0/s1	PYUSHNKNPOHWEZ-YFKPBYRVSA-N	C6H11NO3S	CHEBI:16552			
D	8	2	2-(methylamino)-3-phenylpropanoic acid	C10H13NO2	AA01AFF0	N-methyl-L-phenylalanine	CN[C@@H](Cc1ccccc1)C(O)=O	InChI=1S/C10H13NO2/c1-11-9(10(12)13)7-8-5-3-2-4-6-8/h2-6,9,11H,7H2,1H3,(H,12,13)/t9-/m0/s1	SCIFESDRCALIIM-VIFPVBQESA-N	C10H13NO2	CHEBI:43980			
D	9	2	L-Homocitrulline	C7H15N3O3	H590900	L-homocitrulline	N[C@@H](CCCCNC(N)=O)C(O)=O	InChI=1S/C7H15N3O3/c8-5(6(11)12)3-1-2-4-10-7(9)13/h5H,1-4,8H2,(H,11,12)(H3,9,10,13)/t5-/m0/s1	XIGSAGMEBXLVJJ-YFKPBYRVSA-N	C7H15N3O3	CHEBI:17443	C02427	HMDB0000679	
D	10	2	4-Aminohippuric acid	C9H10N2O3	A1422	p-aminohippuric acid	Nc1ccc(cc1)C(=O)NCC(O)=O	InChI=1S/C9H10N2O3/c10-7-3-1-6(2-4-7)9(14)11-5-8(12)13/h1-4H,5,10H2,(H,11,14)(H,12,13)	HSMNQINEKMPTIC-UHFFFAOYSA-N	C9H10N2O3	CHEBI:104011	D06890	HMDB0001867	
D	11	2	O-Phospho-L-threonine	C4H10NO6P	AA008SHV	O-phospho-L-threonine	C[C@@H](OP(O)(O)=O)[C@H](N)C(O)=O	InChI=1S/C4H10NO6P/c1-2(3(5)4(6)7)11-12(8,9)10/h2-3H,5H2,1H3,(H,6,7)(H2,8,9,10)/t2-,3+/m1/s1	USRGIUJOYOXOQJ-GBXIJSLDSA-N	C4H10NO6P	CHEBI:37525	C12147		
D	12	2	Leucyl-Leucine	C12H24N2O3	AA00BY75	Leucyl-leucine	CC(C)CC(N)C(=O)NC(CC(C)C)C(O)=O	InChI=1S/C12H24N2O3/c1-7(2)5-9(13)11(15)14-10(12(16)17)6-8(3)4/h7-10H,5-6,13H2,1-4H3,(H,14,15)(H,16,17)	LCPYQJIKPJDLLB-UHFFFAOYSA-N	C12H24N2O3	CHEBI:6418	C11332	HMDB0028933	
E	1	2	H-PRO-GLY-OH	C7H12N2O3	AA00BCBP	L-prolylglycine	C([C@H]1NCCC1)(=O)NCC(O)=O	InChI=1S/C7H12N2O3/c10-6(11)4-9-7(12)5-2-1-3-8-5/h5,8H,1-4H2,(H,9,12)(H,10,11)/t5-/m0/s1	RNKSNIBMTUYWSH-YFKPBYRVSA-N	C7H12N2O3	CHEBI:61695		HMDB0011178	
E	2	2	Nα-Acetyl-L-ornithine	C7H14N2O3	A3626	N(2)-acetyl-L-ornithine	C(CCN)[C@@H](C(O)=O)NC(=O)C	InChI=1S/C7H14N2O3/c1-5(10)9-6(7(11)12)3-2-4-8/h6H,2-4,8H2,1H3,(H,9,10)(H,11,12)/t6-/m0/s1	JRLGPAXAGHMNOL-LURJTMIESA-N	C7H14N2O3	CHEBI:16543	C00437	HMDB0003357	
E	3	2	2-[(Pyridin-2-yl)formamido]acetic acid	C8H8N2O3	A874203	Picolinoylglycine	N=1C=CC=CC1C(=O)NCC(O)=O	InChI=1S/C8H8N2O3/c11-7(12)5-10-8(13)6-3-1-2-4-9-6/h1-4H,5H2,(H,10,13)(H,11,12)	MNYZGNSHBPLAFN-UHFFFAOYSA-N	C8H8N2O3	CHEBI:89884		HMDB0059766	
E	4	2	(S)-2-((S)-Pyrrolidine-2-carboxamido)propanoic acid	C8H14N2O3	A444801	Pro-Ala	C[C@H](NC(=O)[C@@H]1CCCN1)C(O)=O	InChI=1S/C8H14N2O3/c1-5(8(12)13)10-7(11)6-3-2-4-9-6/h5-6,9H,2-4H2,1H3,(H,10,11)(H,12,13)/t5-,6-/m0/s1	FELJDCNGZFDUNR-WDSKDSINSA-N	C8H14N2O3	CHEBI:74753		HMDB0029010	
E	5	2	N-Acetyl-L-glutamic acid	C7H11NO5	855642	N-acetyl-L-glutamic acid	CC(=O)N[C@@H](CCC(O)=O)C(O)=O	InChI=1S/C7H11NO5/c1-4(9)8-5(7(12)13)2-3-6(10)11/h5H,2-3H2,1H3,(H,8,9)(H,10,11)(H,12,13)/t5-/m0/s1	RFMMMVDNIPUKGG-YFKPBYRVSA-N	C7H11NO5	CHEBI:17533	C00624	HMDB0001138	
E	6	2	N-(2-Phenylacetyl)glycine	C10H11NO3	96408	phenylacetylglycine	OC(=O)CNC(=O)Cc1ccccc1	InChI=1S/C10H11NO3/c12-9(11-7-10(13)14)6-8-4-2-1-3-5-8/h1-5H,6-7H2,(H,11,12)(H,13,14)	UTYVDVLMYQPLQB-UHFFFAOYSA-N	C10H11NO3	CHEBI:27480	C05598	HMDB0000821	
E	7	2	H-Thr-Ser-OH	C7H14N2O5	A404040	Thr-Ser	C[C@@H](O)[C@H](N)C(=O)N[C@@H](CO)C(O)=O	InChI=1S/C7H14N2O5/c1-3(11)5(8)6(12)9-4(2-10)7(13)14/h3-5,10-11H,2,8H2,1H3,(H,9,12)(H,13,14)/t3-,4+,5+/m1/s1	GXDLGHLJTHMDII-WISUUJSJSA-N	C7H14N2O5	CHEBI:73664		HMDB0029070	
E	8	2	(S)-2-((S)-2-Amino-3-methylbutanamido)pentanedioic acid	C10H18N2O5	A448190	Val-Glu	CC(C)[C@H](N)C(=O)N[C@@H](CCC(O)=O)C(O)=O	InChI=1S/C10H18N2O5/c1-5(2)8(11)9(15)12-6(10(16)17)3-4-7(13)14/h5-6,8H,3-4,11H2,1-2H3,(H,12,15)(H,13,14)(H,16,17)/t6-,8-/m0/s1	UPJONISHZRADBH-XPUUQOCRSA-N	C10H18N2O5	CHEBI:75011		HMDB0029126	
E	9	2	L-Saccharopine	C11H20N2O6	S808340	L-saccharopine	N[C@@H](CCCCN[C@@H](CCC(O)=O)C(O)=O)C(O)=O	InChI=1S/C11H20N2O6/c12-7(10(16)17)3-1-2-6-13-8(11(18)19)4-5-9(14)15/h7-8,13H,1-6,12H2,(H,14,15)(H,16,17)(H,18,19)/t7-,8-/m0/s1	ZDGJAHTZVHVLOT-YUMQZZPRSA-N	C11H20N2O6	CHEBI:16927	C00449	HMDB0000279	
E	10	2	Seleno-DL-cystine	C6H12N2O4Se2	S1650	selenocystine	NC(C[Se][Se]CC(N)C(O)=O)C(O)=O	InChI=1S/C6H12N2O4Se2/c7-3(5(9)10)1-13-14-2-4(8)6(11)12/h3-4H,1-2,7-8H2,(H,9,10)(H,11,12)	JULROCUWKLNBSN-UHFFFAOYSA-N	C6H12N2O4Se2	CHEBI:28553	C05704		
E	11	2	S-Lactoylglutathione	C13H21N3O8S	L7140	(R)-S-lactoylglutathione	C[C@@H](O)C(=O)SC[C@H](NC(=O)CC[C@H](N)C(O)=O)C(=O)NCC(O)=O	InChI=1S/C13H21N3O8S/c1-6(17)13(24)25-5-8(11(21)15-4-10(19)20)16-9(18)3-2-7(14)12(22)23/h6-8,17H,2-5,14H2,1H3,(H,15,21)(H,16,18)(H,19,20)(H,22,23)/t6-,7+,8+/m1/s1	VDYDCVUWILIYQF-CSMHCCOUSA-N	C13H21N3O8S	CHEBI:15694	C03451	HMDB0001066	
E	12	2	Oxidized glutathione	C20H32N6O12S2	G4501	glutathione disulfide	N[C@@H](CCC(=O)N[C@@H](CSSC[C@H](NC(=O)CC[C@H](N)C(O)=O)C(=O)NCC(O)=O)C(=O)NCC(O)=O)C(O)=O	InChI=1S/C20H32N6O12S2/c21-9(19(35)36)1-3-13(27)25-11(17(33)23-5-15(29)30)7-39-40-8-12(18(34)24-6-16(31)32)26-14(28)4-2-10(22)20(37)38/h9-12H,1-8,21-22H2,(H,23,33)(H,24,34)(H,25,27)(H,26,28)(H,29,30)(H,31,32)(H,35,36)(H,37,38)/t9-,10-,11-,12-/m0/s1	YPZRWBKMTBYPTK-BJDJZHNGSA-N	C20H32N6O12S2	CHEBI:17858	C00127		
F	1	2	(+)-α-Methyl-β-alanine	C4H9NO2	M276560	3-aminoisobutyric acid	CC(CN)C(O)=O	InChI=1S/C4H9NO2/c1-3(2-5)4(6)7/h3H,2,5H2,1H3,(H,6,7)	QCHPKSFMDHPSNR-UHFFFAOYSA-N	C4H9NO2	CHEBI:27389	C05145	HMDB0003911	LMFA01100054
F	2	2	(4R)-1,3-THIAZOLIDINE-4-CARBOXYLIC ACID	C4H7NO2S	PH000111	L-thioproline	OC(=O)[C@@H]1CSCN1	InChI=1S/C4H7NO2S/c6-4(7)3-1-8-2-5-3/h3,5H,1-2H2,(H,6,7)/t3-/m0/s1	DZLNHFMRPBPULJ-VKHMYHEASA-N	C4H7NO2S	CHEBI:45171			
F	3	2	N-Valerylglycine	C7H13NO3	V091470	Valerylglycine	C(CNC(=O)CCCC)(=O)O	InChI=1S/C7H13NO3/c1-2-3-4-6(9)8-5-7(10)11/h2-5H2,1H3,(H,8,9)(H,10,11)	NYZBWOSRZJKQAI-UHFFFAOYSA-N	C7H13NO3	CHEBI:137527		HMDB0000927	
F	4	2	L-VALYLGLYCINE	C7H14N2O3	S453552	Val-Gly	CC(C)[C@H](N)C(=O)NCC(O)=O	InChI=1S/C7H14N2O3/c1-4(2)6(8)7(12)9-3-5(10)11/h4,6H,3,8H2,1-2H3,(H,9,12)(H,10,11)/t6-/m0/s1	IOUPEELXVYPCPG-LURJTMIESA-N	C7H14N2O3	CHEBI:73699		HMDB0029127	
F	5	2	CARBAMOYL-ASP-OH MAGNESIUM SALT/CARBAMOYL-ASP-OH	C5H8N2O5 (free acid)	AA009BZX	N-carbamoyl-L-aspartic acid	NC(=O)N[C@@H](CC(O)=O)C(O)=O	InChI=1S/C5H8N2O5/c6-5(12)7-2(4(10)11)1-3(8)9/h2H,1H2,(H,8,9)(H,10,11)(H3,6,7,12)/t2-/m0/s1	HLKXYZVTANABHZ-REOHCLBHSA-N	C5H8N2O5	CHEBI:15859	C00438	HMDB0000828	
F	6	2	H-Val-Ala-OH	C8H16N2O3	A154834	Val-Ala	CC(C)[C@H](N)C(=O)N[C@@H](C)C(O)=O	InChI=1S/C8H16N2O3/c1-4(2)6(9)7(11)10-5(3)8(12)13/h4-6H,9H2,1-3H3,(H,10,11)(H,12,13)/t5-,6-/m0/s1	HSRXSKHRSXRCFC-WDSKDSINSA-N	C8H16N2O3	CHEBI:75008		HMDB0029120	
F	7	2	H-Val-Ser-OH	C8H16N2O4	V991708	Val-Ser	CC(C)[C@H](N)C(=O)N[C@@H](CO)C(O)=O	InChI=1S/C8H16N2O4/c1-4(2)6(9)7(12)10-5(3-11)8(13)14/h4-6,11H,3,9H2,1-2H3,(H,10,12)(H,13,14)/t5-,6-/m0/s1	STTYIMSDIYISRG-WDSKDSINSA-N	C8H16N2O4	CHEBI:75021			
F	8	2	(2S,3R)-2-((S)-2-Amino-3-methylbutanamido)-3-hydroxybutanoic acid	C9H18N2O4	A797864	Val-Thr	C(=O)([C@@H](N)C(C)C)N[C@H](C(=O)O)[C@@H](C)O	InChI=1S/C9H18N2O4/c1-4(2)6(10)8(13)11-7(5(3)12)9(14)15/h4-7,12H,10H2,1-3H3,(H,11,13)(H,14,15)/t5-,6+,7+/m1/s1	GVRKWABULJAONN-VQVTYTSYSA-N	C9H18N2O4	CHEBI:90330		HMDB0029137	
F	9	2	H-Thr-Leu-OH	C10H20N2O4	T430550	Thr-Leu	CC(C)C[C@H](NC(=O)[C@@H](N)[C@@H](C)O)C(O)=O	InChI=1S/C10H20N2O4/c1-5(2)4-7(10(15)16)12-9(14)8(11)6(3)13/h5-8,13H,4,11H2,1-3H3,(H,12,14)(H,15,16)/t6-,7+,8+/m1/s1	BQBCIBCLXBKYHW-CSMHCCOUSA-N	C10H20N2O4	CHEBI:74860		HMDB0029065	
F	10	2	H-Thr-Gln-Oh	C9H17N3O5	T430575	Thr-Gln	C[C@@H](O)[C@H](N)C(=O)N[C@@H](CCC(N)=O)C(O)=O	InChI=1S/C9H17N3O5/c1-4(13)7(11)8(15)12-5(9(16)17)2-3-6(10)14/h4-5,7,13H,2-3,11H2,1H3,(H2,10,14)(H,12,15)(H,16,17)/t4-,5+,7+/m1/s1	BWUHENPAEMNGQJ-ZDLURKLDSA-N	C9H17N3O5	CHEBI:74855		HMDB0029059	
F	11	2	H-Val-Val-Val-OH	C15H29N3O4	A607767	(2S)-2-[[(2S)-2-[[(2S)-2-amino-3-methyl-1-oxobutyl]amino]-3-methyl-1-oxobutyl]amino]-3-methylbutanoic acid	CC(C)[C@@H](C(=O)N[C@@H](C(C)C)C(=O)N[C@@H](C(C)C)C(=O)O)N	InChI=1S/C15H29N3O4/c1-7(2)10(16)13(19)17-11(8(3)4)14(20)18-12(9(5)6)15(21)22/h7-12H,16H2,1-6H3,(H,17,19)(H,18,20)(H,21,22)/t10-,11-,12-/m0/s1	LSLXWOCIIFUZCQ-SRVKXCTJSA-N	C15H29N3O4	CHEBI:125471			
F	12	2	S-Nitrosoglutathione	C10H16N4O7S	487920	S-nitrosoglutathione	N[C@@H](CCC(=O)N[C@@H](CSN=O)C(=O)NCC(=O)O)C(=O)O	InChI=1S/C10H16N4O7S/c11-5(10(19)20)1-2-7(15)13-6(4-22-14-21)9(18)12-3-8(16)17/h5-6H,1-4,11H2,(H,12,18)(H,13,15)(H,16,17)(H,19,20)/t5-,6-/m0/s1	HYHSBSXUHZOYLX-WDSKDSINSA-N	C10H16N4O7S	CHEBI:50091		HMDB0004645	
G	1	2	L-2-Aminobutyric acid	C4H9NO2	A1879	L-alpha-aminobutyric acid	CC[C@H](N)C(O)=O	InChI=1S/C4H9NO2/c1-2-3(5)4(6)7/h3H,2,5H2,1H3,(H,6,7)/t3-/m0/s1	QWCKQJZIFLGMSD-VKHMYHEASA-N	C4H9NO2	CHEBI:35619	C02356	HMDB0000452	LMFA01100034
G	2	2	L-2,4-Diaminobutyric acid dihydrochloride	C4H10N2O2 (free acid)	32830	L-2,4-diaminobutyric acid	NCC[C@H](N)C(O)=O	InChI=1S/C4H10N2O2/c5-2-1-3(6)4(7)8/h3H,1-2,5-6H2,(H,7,8)/t3-/m0/s1	OGNSCSPNOLGXSM-VKHMYHEASA-N	C4H10N2O2	CHEBI:48950	C03283	HMDB0006284	
G	3	2	N-Acetyl-L-alanine	C5H9NO3	A4625	N-acetyl-L-alanine	C[C@H](NC(C)=O)C(O)=O	InChI=1S/C5H9NO3/c1-3(5(8)9)6-4(2)7/h3H,1-2H3,(H,6,7)(H,8,9)/t3-/m0/s1	KTHDTJVBEPMMGL-VKHMYHEASA-N	C5H9NO3	CHEBI:40992		HMDB0000766	
G	4	2	Iminodiacetic acid	C4H7NO4	220000	iminodiacetic acid	OC(=O)CNCC(O)=O	InChI=1S/C4H7NO4/c6-3(7)1-5-2-4(8)9/h5H,1-2H2,(H,6,7)(H,8,9)	NBZBKCUXIYYUSX-UHFFFAOYSA-N	C4H7NO4	CHEBI:24786		HMDB0011753	
G	5	2	N-Isovalerylglycine	C7H13NO3	43424	N-isovalerylglycine	CC(C)CC(=O)NCC(O)=O	InChI=1S/C7H13NO3/c1-5(2)3-6(9)8-4-7(10)11/h5H,3-4H2,1-2H3,(H,8,9)(H,10,11)	ZRQXMKMBBMNNQC-UHFFFAOYSA-N	C7H13NO3	CHEBI:70984		HMDB0000678	
G	6	2	N-Acetyl-L-aspartic acid	C6H9NO5	920	N-acetyl-L-aspartic acid	CC(=O)N[C@@H](CC(O)=O)C(O)=O	InChI=1S/C6H9NO5/c1-3(8)7-4(6(11)12)2-5(9)10/h4H,2H2,1H3,(H,7,8)(H,9,10)(H,11,12)/t4-/m0/s1	OTCCIMWXFLJLIA-BYPYZUCNSA-N	C6H9NO5	CHEBI:21547	C01042	HMDB0000812	
G	7	2	H-VAL-MET-OH	C10H20N2O3S	V991705	Val-Met	CSCC[C@H](NC(=O)[C@@H](N)C(C)C)C(O)=O	InChI=1S/C10H20N2O3S/c1-6(2)8(11)9(13)12-7(10(14)15)4-5-16-3/h6-8H,4-5,11H2,1-3H3,(H,12,13)(H,14,15)/t7-,8-/m0/s1	YSGSDAIMSCVPHG-YUMQZZPRSA-N	C10H20N2O3S	CHEBI:75015		HMDB0029133	
G	8	2	Val-Tyr	C14H20N2O4	V5626	Val-Tyr	CC(C)[C@H](N)C(=O)N[C@@H](Cc1ccc(O)cc1)C(O)=O	InChI=1S/C14H20N2O4/c1-8(2)12(15)13(18)16-11(14(19)20)7-9-3-5-10(17)6-4-9/h3-6,8,11-12,17H,7,15H2,1-2H3,(H,16,18)(H,19,20)/t11-,12-/m0/s1	VEYJKJORLPYVLO-RYUDHWBXSA-N	C14H20N2O4	CHEBI:73703		HMDB0029139	
G	9	2	H-Asp(Gly-OH)-OH	C6H10N2O5	A569890	L-beta-aspartylglycine	O=C(NCC(O)=O)C[C@H](N)C(O)=O	InChI=1S/C6H10N2O5/c7-3(6(12)13)1-4(9)8-2-5(10)11/h3H,1-2,7H2,(H,8,9)(H,10,11)(H,12,13)/t3-/m0/s1	ZTEDWFWBGPKUOD-VKHMYHEASA-N	C6H10N2O5	CHEBI:137261			
G	10	2	L-VALYL-L-VALINE	C10H20N2O3	S452807	Val-Val	CC(C)[C@H](N)C(=O)N[C@@H](C(C)C)C(O)=O	InChI=1S/C10H20N2O3/c1-5(2)7(11)9(13)12-8(6(3)4)10(14)15/h5-8H,11H2,1-4H3,(H,12,13)(H,14,15)/t7-,8-/m0/s1	KRNYOVHEKOBTEF-YUMQZZPRSA-N	C10H20N2O3	CHEBI:73704		HMDB0029140	
G	11	2	L-Homocysteine thiolactone hydrochloride	C4H7NOS (Homocysteine thiolactone)	H6503	L-homocysteine thiolactone	N[C@H]1CCSC1=O	InChI=1S/C4H7NOS/c5-3-1-2-7-4(3)6/h3H,1-2,5H2/t3-/m0/s1	KIWQWJKWBHZMDT-VKHMYHEASA-N	C4H7NOS	CHEBI:60315			
G	12	2	gamma-Glu-Cys	C8H14N2O5S	G0903	L-gamma-glutamyl-L-cysteine	N[C@@H](CCC(=O)N[C@@H](CS)C(O)=O)C(O)=O	InChI=1S/C8H14N2O5S/c9-4(7(12)13)1-2-6(11)10-5(3-16)8(14)15/h4-5,16H,1-3,9H2,(H,10,11)(H,12,13)(H,14,15)/t4-,5-/m0/s1	RITKHVBHSGLULN-WHFBIAKZSA-N	C8H14N2O5S	CHEBI:17515	C00669	HMDB0001049	